{
	"class_name" : "PinholeCameraParameters",
	"extrinsic" : 
	[
		0.94128999644738709,
		0.1372291815964235,
		-0.30844982461731779,
		0.0,
		0.0064651736233780482,
		-0.92081697691420294,
		-0.38994140143950867,
		0.0,
		-0.33753717442394088,
		0.36505375870543283,
		-0.86764301941347854,
		0.0,
		-0.28680245795400727,
		0.19671099720780283,
		2.0212177945871503,
		1.0
	],
	"intrinsic" : 
	{
		"height" : 1080,
		"intrinsic_matrix" : 
		[
			935.30743608719376,
			0.0,
			0.0,
			0.0,
			935.30743608719376,
			0.0,
			719.5,
			539.5,
			1.0
		],
		"width" : 1440
	},
	"version_major" : 1,
	"version_minor" : 0
}